Product_name,Product_Brand,Product_Image,Product_Price,Product_Reviews,Product_Rating,output
Men's Barefoot & Minimalist Shoes - Black Blaze | Wide Toe Box | Zero Drop Sole,ANDUNE,https://m.media-amazon.com/images/I/41LEBKL3CML._AC_UL320_.jpg,2499,102,3.7,shoe
"Men's Bouncer-01 Sports,Walking,Gym,Training,Running Shoes",ASIAN,https://m.media-amazon.com/images/I/61vwMlmkFKL._AC_UL320_.jpg,599,13393,3.7,shoe
Men's Lightweight Running & Walking Shoes|100% Pure Rubber outsole | Natural Rubber EVA Insole | Enhanced grip for Low Abrasion,Avant,https://m.media-amazon.com/images/I/71gzA9tqatL._AC_UL320_.jpg,799,479,3.8,shoe
Men's Crystal-05 Sports Running Shoes & Walking Shoes Gym Casual Sneaker Lace-Up Shoes,ASIAN,https://m.media-amazon.com/images/I/614+kyR1HIL._AC_UL320_.jpg,1149,1780,3.7,shoe
Men's Wonder-13 Sports Running Shoes,ASIAN,https://m.media-amazon.com/images/I/61utX8kBDlL._AC_UL320_.jpg,499,90352,3.9,shoe
mens Oxyfit (N) Walking Shoes,Campus,https://m.media-amazon.com/images/I/61ePa5fEKnL._AC_UL320_.jpg,549,5230,4.1,shoe
"Women's Cute Sports Running Shoes,Walking, Gym Casual Sneaker Lace-Up Shoes for Girl's",ASIAN,https://m.media-amazon.com/images/I/61vRXtZcy7L._AC_UL320_.jpg,449,8866,3.9,shoe
"Nivia HY-Court 2.0 Badminton Shoe for Mens | Rubber Sole Shoes with Upper Mesh for Sports, Badminton, Volleyball, Squash, Table Tennis, Nonmarking Sole (White/Blue) Size - UK-9",Nivia,https://m.media-amazon.com/images/I/71uwtcGCLNL._AC_UL320_.jpg,1488,4716,4.2,shoe
Men's Sneaker,Red Tape,https://m.media-amazon.com/images/I/71EF0uE9EVL._AC_UL320_.jpg,1119,480,4.1,shoe
"Men's World shoe-01 Running, Sports, Gym, Phylon Sports Shoes",BRUTON,https://m.media-amazon.com/images/I/61Lz4JjcWOL._AC_UL320_.jpg,229,1092,3.0,shoe
Men SM-680 Sports Shoes,Sparx,https://m.media-amazon.com/images/I/81KiR3boi1L._AC_UL320_.jpg,1124,1009,4.0,shoe
Mens Boss-ace Uniform Dress Shoe,BATA,https://m.media-amazon.com/images/I/7156HUlSOmL._AC_UL320_.jpg,649,3858,3.7,shoe
NIVIA Carbonite 5.0 Football Shoes for Men/Sports and Athletic Footwear with PVC Synthetic Leather Upper/Comfortable Football Shoes (Black) UK-6,Nivia,https://m.media-amazon.com/images/I/71SwOmvopAL._AC_UL320_.jpg,764,1713,4.0,shoe
Men's 3392 Casual Shoes,Centrino,https://m.media-amazon.com/images/I/81Vj658+g+L._AC_UL320_.jpg,799,4511,3.8,shoe
Mens Formal Shoes,Centrino,https://m.media-amazon.com/images/I/61AjKQSFMhL._AC_UL320_.jpg,699,16739,3.8,shoe
Mens Restound M Running Shoe,Adidas,https://m.media-amazon.com/images/I/81gDHBHmjSL._AC_UL320_.jpg,1320,229,4.2,shoe
Womens Sx0175l Running Shoes,Sparx,https://m.media-amazon.com/images/I/61hr0KWIAAL._AC_UL320_.jpg,839,6314,4.2,shoe
Mens Sd0734g Sneaker,Sparx,https://m.media-amazon.com/images/I/61XKno+nU4L._AC_UL320_.jpg,721,1787,4.1,shoe
"Men's Carbon-02 Sports Running,Walking & Gym Shoes with Carbon Cushion Technology Phylon Sole with Memory Form Casual Sneaker Shoes for Men's & Boy's",ASIAN,https://m.media-amazon.com/images/I/81rs8t5+F6L._AC_UL320_.jpg,1299,303,3.8,shoe
Force 10 Sports Shoes for Men,Liberty,https://m.media-amazon.com/images/I/61oQhwa6s7L._AC_UL320_.jpg,594,59,3.6,shoe
Wigwam,Power,https://m.media-amazon.com/images/I/71iXSkKxfeL._AC_UL320_.jpg,692,285,4.0,shoe
"Men's Synthetic Sports,Running,Casual Loafer Shoes for Boy's",ASIAN,https://m.media-amazon.com/images/I/614elUzM4GL._AC_UL320_.jpg,524,15449,3.8,shoe
"Sports Shoes for Men|Grey for Running,Walking,Gym and Hiking Shoes ORI-9037",Bersache,https://m.media-amazon.com/images/I/61Tm7GDrDZL._AC_UL320_.jpg,1199,23,3.8,shoe
"Men's Cosko Sports Running,Walking,Gym,Training Sneaker Lace-Up Shoes for Men's & Boy's",ASIAN,https://m.media-amazon.com/images/I/61I69vDCBML._AC_UL320_.jpg,549,22868,3.8,shoe
"Men's Achiever-15 Latest Stylish Casual Sneaker,Lace-up Lightweight with Extra Cushion Shoes for Running, Walking, Gym Shoes for Men's & Boy's",ASIAN,https://m.media-amazon.com/images/I/71Pz9zbWPsL._AC_UL320_.jpg,499,501,3.6,shoe
Men's OXYFIT (N) Walking Shoe,Campus,https://m.media-amazon.com/images/I/61lfgSuma9L._AC_UL320_.jpg,475,35184,4.1,shoe
Mike (N) Men's Running Shoes,Campus,https://m.media-amazon.com/images/I/51nIsX9jAPL._AC_UL320_.jpg,968,4821,3.8,shoe
Men's Crysta PRO Running Shoe,Campus,https://m.media-amazon.com/images/I/81s3mf0WmnL._AC_UL320_.jpg,714,19248,3.9,shoe
Men's Sm-675 Running Shoe,Sparx,https://m.media-amazon.com/images/I/71u2XOFXAIL._AC_UL320_.jpg,849,6375,4.1,shoe
Mens Vertigo Running Shoe,Lotto,https://m.media-amazon.com/images/I/71U-6b5sHbL._AC_UL320_.jpg,625,18435,4.0,shoe
Men's Sm-620 Sneaker,Sparx,https://m.media-amazon.com/images/I/61+q7c44YlL._AC_UL320_.jpg,1092,3518,4.1,shoe
mens Sd9039g Sneakers,Sparx,https://m.media-amazon.com/images/I/51e48JV2GfL._AC_UL320_.jpg,599,3210,4.0,shoe
"Men's Casual Sneaker Shoes for Men - Elevated Comfort, Perfect Casual Shoes for Men",Red Tape,https://m.media-amazon.com/images/I/61evn1vGJxL._AC_UL320_.jpg,1159,152,4.1,shoe
Mens Sx0500g Running Shoe,Sparx,https://m.media-amazon.com/images/I/41qqR0F0ThL._AC_UL320_.jpg,824,2896,4.0,shoe
Women's Cristy Running Shoes,Campus,https://m.media-amazon.com/images/I/6188O0UwR-L._AC_UL320_.jpg,679,1685,4.1,shoe
Men's Maxico Running Shoes,Campus,https://m.media-amazon.com/images/I/81Pk4RiSKqL._AC_UL320_.jpg,1049,22504,3.9,shoe
Shoes for Trendy Shoes | Casual Shoes | Sports Shoes | Running Shoes | Exclusive Shoes for Men,BRUTON,https://m.media-amazon.com/images/I/813RXO-z3yL._AC_UL320_.jpg,299,335,2.9,shoe
Men's Rodeo-2 Running Shoes,Campus,https://m.media-amazon.com/images/I/6138Uxu+hvL._AC_UL320_.jpg,889,16077,3.9,shoe
Men Mesh Casual Shoes Sneakers for Men,Birde,https://m.media-amazon.com/images/I/61uS1+5yMZL._AC_UL320_.jpg,279,338,2.9,shoe
Mens Downshifter 12 Running,Nike,https://m.media-amazon.com/images/I/81MCqNLEYvL._AC_UL320_.jpg,2397,815,4.0,shoe
mens City-ride Running Shoe Sport shoe,Campus,https://m.media-amazon.com/images/I/811MBCZ-6AL._AC_UL320_.jpg,1019,1804,3.8,shoe
Men's Running Shoes,Sparx,https://m.media-amazon.com/images/I/81Fyf10SHsL._AC_UL320_.jpg,824,15945,4.0,shoe
"Men's OSCAR-01 Sports Running,Walking,Gym Shoes with Lightweight EVA Sole with Casual Sneaker Shoes for Men's & Boy's",ASIAN,https://m.media-amazon.com/images/I/716PsrIF+gL._AC_UL320_.jpg,499,16469,3.9,shoe
"Men's Cosco-13 Sports Running,Walking & Gym, School Shoes Lightweight Eva Sole Extra Jump Casual Sneaker Lace-Up Shoes for Men's & Boy's",ASIAN,https://m.media-amazon.com/images/I/61+y7knA9JL._AC_UL320_.jpg,624,3762,3.8,shoe
"Men's Synthetic Sports,Running,Casual Loafer Shoes for Boy's",ASIAN,https://m.media-amazon.com/images/I/61NpVTa4kKL._AC_UL320_.jpg,524,15449,3.8,shoe
Men's Strom PRO Running Shoes,Campus,https://m.media-amazon.com/images/I/61-5EOuD0xL._AC_UL320_.jpg,647,776,4.0,shoe
Men's North Plus Running Shoes,Campus,https://m.media-amazon.com/images/I/71p+ffg6+lL._AC_UL320_.jpg,1329,7972,3.9,shoe
"F-04 Running Shoes,Gym Shoes,Training Shoes,Walking Shoes,Sports Shoes for Men",ASIAN,https://m.media-amazon.com/images/I/61C7ArtiuZL._AC_UL320_.jpg,499,13952,3.9,shoe
boys Delta-20 Sneaker,ASIAN,https://m.media-amazon.com/images/I/41mWz2aRrTL._AC_UL320_.jpg,724,2919,3.9,shoe
Mens Loire-z1 Running Shoes,Bourge,https://m.media-amazon.com/images/I/91LDlF9zQaL._AC_UL320_.jpg,699,22718,4.0,shoe
Men's Loire-z126 Running Shoes,Bourge,https://m.media-amazon.com/images/I/810yvhZI7qL._AC_UL320_.jpg,599,29663,3.8,shoe
Men's Sports Running Shoes Indus-251,LANCER,https://m.media-amazon.com/images/I/61hwBsknJSL._AC_UL320_.jpg,588,3843,3.7,shoe
mens Rso202 Walking Shoes,Red Tape,https://m.media-amazon.com/images/I/519vxooKakL._AC_UL320_.jpg,1359,424,4.0,shoe
Mens Vega-m3 Running Shoes,Bourge,https://m.media-amazon.com/images/I/71R73jgK1eL._AC_UL320_.jpg,709,32232,4.2,shoe
"Men's CAPTAIN-13 Sports Running,Walking & Gym Shoes with Lightweight Eva Sole with Casual Sneaker Shoes for Men's & Boy's",ASIAN,https://m.media-amazon.com/images/I/61odR70rgML._AC_UL320_.jpg,624,2293,3.7,shoe
"Crystal-13 Sports Running,Walking & Gym Shoes with Crystal Cushion Technology Lightweight Casual Sneaker Shoes for Men's & Boy's",ASIAN,https://m.media-amazon.com/images/I/51rdBvOe1+L._AC_UL320_.jpg,1299,2319,3.8,shoe
"Men's Wind-04 Sports Walking,Running & Gym Shoes with Eva Sole Casual Lightweight Slip-On Shoes for Men's & Boy's",ASIAN,https://m.media-amazon.com/images/I/61mu7T5MLqL._AC_UL320_.jpg,599,278,3.8,shoe
"Men's Easywalk-08 Sports Running Shoes,First Walker, Gym Casual Sneaker Lace-Up Lightweight Shoes",ASIAN,https://m.media-amazon.com/images/I/51zkMmDmLaS._AC_UL320_.jpg,749,4574,3.8,shoe
Global-WHT-BLK-8,JQR,https://m.media-amazon.com/images/I/61fMfj5RHQL._AC_UL320_.jpg,1120,1,5.0,shoe
Mens Moonwalk-01 Loafer,ASIAN,https://m.media-amazon.com/images/I/81m-I1dLOJL._AC_UL320_.jpg,555,1329,4.0,shoe
"Men's Bouncer-01 Sports,Walking,Gym,Training,Running Shoes",ASIAN,https://m.media-amazon.com/images/I/61vwMlmkFKL._AC_UL400_.jpg,599,13393,3.7,shoe
"Men's Cosko Sports Running,Walking,Gym,Training Sneaker Lace-Up Shoes for Men's & Boy's",ASIAN,https://m.media-amazon.com/images/I/61I69vDCBML._AC_UL400_.jpg,549,22868,3.8,shoe
"Men's Synthetic Sports,Running,Casual Loafer Shoes for Boy's",ASIAN,https://m.media-amazon.com/images/I/614elUzM4GL._AC_UL400_.jpg,524,15449,3.8,shoe
"Men's Easywalk-08 Sports Running Shoes,First Walker, Gym Casual Sneaker Lace-Up Lightweight Shoes",ASIAN,https://m.media-amazon.com/images/I/51zkMmDmLaS._AC_UL400_.jpg,749,4574,3.8,shoe
"Men's FUTURE-01 Sports Running,Walking & Gym Shoes with Eva Sole Extra Jump Casual Sneaker Shoes for Men's & Boy's",ASIAN,https://m.media-amazon.com/images/I/6116U2+8u+L._AC_UL400_.jpg,499,7014,3.8,shoe
mens Rso202 Walking Shoes,Red Tape,https://m.media-amazon.com/images/I/519vxooKakL._AC_UL400_.jpg,1359,424,4.0,shoe
Men's King PRO Walking Shoes,Campus,https://m.media-amazon.com/images/I/91u5wt3276L._AC_UL400_.jpg,659,2055,4.0,shoe
Mens Loire-z1 Running Shoes,Bourge,https://m.media-amazon.com/images/I/91LDlF9zQaL._AC_UL400_.jpg,699,22718,4.0,shoe
boys Delta-20 Sneaker,ASIAN,https://m.media-amazon.com/images/I/41mWz2aRrTL._AC_UL400_.jpg,724,2919,3.9,shoe
"Running Sports Shoes for Men | Soft Cushioned Insole, Slip-Resistance, Dynamic Feet Support, Arch Support & Shock Absorption",Red Tape,https://m.media-amazon.com/images/I/71dPeDzg9ZL._AC_UL400_.jpg,1099,136,3.7,shoe
Mens Gel-Contend 4b+ Running Shoe,ASICS,https://m.media-amazon.com/images/I/71qW9Y1difL._AC_UL400_.jpg,2399,2570,4.0,shoe
Men's Loire-z126 Running Shoes,Bourge,https://m.media-amazon.com/images/I/810yvhZI7qL._AC_UL400_.jpg,599,29663,3.8,shoe
Mens Guide Stride Run Lp Shoes,Reebok,https://m.media-amazon.com/images/I/71OEHq3M-9L._AC_UL400_.jpg,1300,3658,4.1,shoe
Men's MAXICO BLU/Sky Running Shoes-10 UK (44 EU) (CG-345),Campus,https://m.media-amazon.com/images/I/61gHXZpv7CL._AC_UL400_.jpg,714,401,4.1,shoe
"F-04 Running Shoes,Gym Shoes,Training Shoes,Walking Shoes,Sports Shoes for Men",ASIAN,https://m.media-amazon.com/images/I/61C7ArtiuZL._AC_UL400_.jpg,499,13952,3.9,shoe
Men's Sports Running Shoes Indus-251,LANCER,https://m.media-amazon.com/images/I/61hwBsknJSL._AC_UL400_.jpg,588,3843,3.7,shoe
Mens Vega-m1 Running Shoes,Bourge,https://m.media-amazon.com/images/I/71POb9z3DKL._AC_UL400_.jpg,699,40591,4.2,shoe
Men Running Shoes,Sparx,https://m.media-amazon.com/images/I/81uMdMRLB-L._AC_UL400_.jpg,999,16899,4.1,shoe
Women's Alexa Running Shoes,Campus,https://m.media-amazon.com/images/I/61MGVjbYydL._AC_UL400_.jpg,1099,7987,4.2,shoe
Mens Classigy M Running Shoe,Adidas,https://m.media-amazon.com/images/I/71cotkr8DhL._AC_UL400_.jpg,1619,838,4.0,shoe
Men's Crystal-05 Sports Running Shoes & Walking Shoes Gym Casual Sneaker Lace-Up Shoes,ASIAN,https://m.media-amazon.com/images/I/614+kyR1HIL._AC_UL400_.jpg,1149,1780,3.7,shoe
"Sports Shoes for Men|Grey for Running,Walking,Gym and Hiking Shoes ORI-9037",Bersache,https://m.media-amazon.com/images/I/61Tm7GDrDZL._AC_UL400_.jpg,1199,23,3.8,shoe
Wigwam,Power,https://m.media-amazon.com/images/I/71iXSkKxfeL._AC_UL400_.jpg,692,285,4.0,shoe
"Men's CAPTAIN-13 Sports Running,Walking & Gym Shoes with Lightweight Eva Sole with Casual Sneaker Shoes for Men's & Boy's",ASIAN,https://m.media-amazon.com/images/I/81Im6DJv3zL._AC_UL400_.jpg,549,2293,3.7,shoe
Mens Vega-m3 Running Shoes,Bourge,https://m.media-amazon.com/images/I/71R73jgK1eL._AC_UL400_.jpg,709,32232,4.2,shoe
"Men's Creta-12 Men's Running Shoes with Breathable Knitted Upper | Gym,Training, Running Shoes for Men's & Boy's",ASIAN,https://m.media-amazon.com/images/I/61zL7NqwAeS._AC_UL400_.jpg,724,13468,3.7,shoe
Mens Elate M Running Shoe,Adidas,https://m.media-amazon.com/images/I/71+ckfM8L1L._AC_UL400_.jpg,1500,4128,4.0,shoe
Men's Sm-678 Running Shoe,Sparx,https://m.media-amazon.com/images/I/71ru4+AzoAL._AC_UL400_.jpg,1511,1736,4.1,shoe
Run Swift 3 Men's Running Shoes,Nike,https://m.media-amazon.com/images/I/61OyAt70tFL._AC_UL400_.jpg,4910,12,4.3,shoe
Mens Panal Sneakers,U.S. POLO ASSN.,https://m.media-amazon.com/images/I/41ojjAehWRL._AC_UL400_.jpg,1619,3270,4.1,shoe
Beamer Cricket Shoes for Mens (Light Weight | Economical | Durable),DSC,https://m.media-amazon.com/images/I/61Qh6TOyQTL._AC_UL400_.jpg,861,8297,4.0,shoe
Mens Sm-747 Sneaker,Sparx,https://m.media-amazon.com/images/I/71R4kZ0+ItL._AC_UL400_.jpg,806,402,3.9,shoe
Womens Sx0167l Sneaker,Sparx,https://m.media-amazon.com/images/I/71QFQa8IqaL._AC_UL400_.jpg,879,5902,4.3,shoe
Men's Rush M Running Shoe,Adidas,https://m.media-amazon.com/images/I/71+rB2LqfIL._AC_UL400_.jpg,1977,854,4.2,shoe
Leather with Lace Formal Shoes for Men RC3499,Red Chief,https://m.media-amazon.com/images/I/81JXZ8WiokL._AC_UL400_.jpg,2049,2494,4.0,shoe
Men's S-Cross PRO Walking Shoes,Campus,https://m.media-amazon.com/images/I/61Xs7vgk1FL._AC_UL400_.jpg,604,1885,4.2,shoe
Men Sa 05 Formal Shoes,BATA,https://m.media-amazon.com/images/I/71vD26G+ECL._AC_UL400_.jpg,852,6663,3.9,shoe
Mens Austin 2.0 M Sneaker,Reebok,https://m.media-amazon.com/images/I/81XVXNccdTL._AC_UL400_.jpg,1386,22,3.7,shoe
"Men's WATERPROOF-05 Sports Running,Walking & Gym Shoes with Extra Cushion Lightweight Lace-Up Casual Sneaker Shoes for Men's & Boy's",ASIAN,https://m.media-amazon.com/images/I/71Qf4GyEQ9L._AC_UL400_.jpg,624,1823,3.5,shoe
Men's Harrow PRO Running Shoes,Campus,https://m.media-amazon.com/images/I/61tJ1fcA1OL._AC_UL400_.jpg,949,304,4.0,shoe
womens Trendy-21magic Casual Shoes,ASIAN,https://m.media-amazon.com/images/I/61M45eURF2L._AC_UL400_.jpg,649,692,3.6,shoe
Appeal 2.0 Badminton Shoes for Mens,Nivia,https://m.media-amazon.com/images/I/81s5UOa+WbL._AC_UL400_.jpg,1299,7,3.1,shoe
"Men's Bouncer-05 Sports Running Shoes Latest Stylish Casual Sneakers,Lace up Lightweight Shoes for Running, Walking, Gym",ASIAN,https://m.media-amazon.com/images/I/61BIxvuMIaL._AC_UL400_.jpg,524,1766,3.6,shoe
Men's Trophy Running Shoes,Campus,https://m.media-amazon.com/images/I/51okfTAeSWL._AC_UL400_.jpg,809,1896,3.7,shoe
Mens Sm-648 Sports Shoes,Sparx,https://m.media-amazon.com/images/I/81GSeDCrzlL._AC_UL400_.jpg,879,1595,4.1,shoe
Mens Adiscend M Running Shoe,Adidas,https://m.media-amazon.com/images/I/81E3K34qsHL._AC_UL400_.jpg,1419,301,3.9,shoe
Men's Legend Running Shoes,Campus,https://m.media-amazon.com/images/I/81g3E5FKyDL._AC_UL400_.jpg,686,2053,3.9,shoe
Premium Sports Shoes for Men,Birde,https://m.media-amazon.com/images/I/61RCwy586qL._AC_UL400_.jpg,299,6,3.3,shoe
Mens Shuttle Walking Shoe,Campus,https://m.media-amazon.com/images/I/71q0C3HSCHL._AC_UL400_.jpg,699,28,3.5,shoe
Mens Terminator (N) Running Shoes,Campus,https://m.media-amazon.com/images/I/61VoBcndbfS._AC_UL400_.jpg,1299,2019,3.7,shoe
mens 2031-running Shoes BRUTON Running Shoes,BRUTON,https://m.media-amazon.com/images/I/71JWqQB7N7L._AC_UL400_.jpg,245,87,3.4,shoe
Mens Sx0406g Running Shoes,Sparx,https://m.media-amazon.com/images/I/81nxOFAFa9L._AC_UL400_.jpg,911,2632,4.1,shoe
Men's Hurricane Running Shoes,Campus,https://m.media-amazon.com/images/I/61+E6-WZBGL._AC_UL400_.jpg,999,1072,4.0,shoe
Mens Ree-Fusion M Running Shoe,Reebok,https://m.media-amazon.com/images/I/71y6quehMWL._AC_UL400_.jpg,1429,4,3.5,shoe
Mens Speed with Lace Oxford,BATA,https://m.media-amazon.com/images/I/61QxtWB9D2L._AC_UL400_.jpg,779,17,3.9,shoe
"Women's Elasto-02 Knitted,Sports,Walking,Slipon Shoes",ASIAN,https://m.media-amazon.com/images/I/61pmIvqpXLL._AC_UL400_.jpg,649,10858,4.1,shoe
Men's Running Shoes Ultra Lightweight Breathable Walking Shoes Non Slip Athletic Fashion Sneakers Mesh Workout Casual Sports Jordan 5 Mehendi,AIRRUN,https://m.media-amazon.com/images/I/41530nmy40L._AC_UL400_.jpg,499,,,shoe
Mens Moonwalk-01 Loafer,ASIAN,https://m.media-amazon.com/images/I/81m-I1dLOJL._AC_UL400_.jpg,555,1329,4.0,shoe
Mens Hattrick-27 Loafer,ASIAN,https://m.media-amazon.com/images/I/611VlDgNorL._AC_UL400_.jpg,699,731,3.8,shoe
"Men's Newton-09 Sports Running,Walking & Gym Shoes with SoleFlex Technology Casual Sneaker Shoes for Men's & Boy's",ASIAN,https://m.media-amazon.com/images/I/81Pm2+fcoKL._AC_UL400_.jpg,599,237,3.8,shoe
"Men's Bouncer-01 Sports,Walking,Gym,Training,Running Shoes",ASIAN,https://m.media-amazon.com/images/I/61vwMlmkFKL._AC_UL400_.jpg,599,13393,3.7,shoe
"Men's Cosko Sports Running,Walking,Gym,Training Sneaker Lace-Up Shoes for Men's & Boy's",ASIAN,https://m.media-amazon.com/images/I/61I69vDCBML._AC_UL400_.jpg,549,22868,3.8,shoe
"Men's Synthetic Sports,Running,Casual Loafer Shoes for Boy's",ASIAN,https://m.media-amazon.com/images/I/614elUzM4GL._AC_UL400_.jpg,524,15449,3.8,shoe
Men's Crystal-05 Sports Running Shoes & Walking Shoes Gym Casual Sneaker Lace-Up Shoes,ASIAN,https://m.media-amazon.com/images/I/614+kyR1HIL._AC_UL400_.jpg,1149,1780,3.7,shoe
Mens Sx0406g Running Shoes,Sparx,https://m.media-amazon.com/images/I/81nxOFAFa9L._AC_UL400_.jpg,911,2632,4.1,shoe
Men Rexene Sports Shoes for Men Running and Walking Shoes,Birde,https://m.media-amazon.com/images/I/71A2Iq0Q7-L._AC_UL400_.jpg,249,387,3.2,shoe
Mens Astorrun M Running Shoe,Adidas,https://m.media-amazon.com/images/I/61WZtaVLt1L._AC_UL400_.jpg,3009,20,3.9,shoe
Mens Sx0614g Running Shoe,Sparx,https://m.media-amazon.com/images/I/71PZK6gQJcL._AC_UL400_.jpg,999,4706,3.9,shoe
Men's Hurricane Running Shoes,Campus,https://m.media-amazon.com/images/I/61+E6-WZBGL._AC_UL400_.jpg,999,1072,4.0,shoe
Mens Adiscend M Running Shoe,Adidas,https://m.media-amazon.com/images/I/81E3K34qsHL._AC_UL400_.jpg,1419,301,3.9,shoe
Men's Legend Running Shoes,Campus,https://m.media-amazon.com/images/I/81g3E5FKyDL._AC_UL400_.jpg,686,2053,3.9,shoe
womens Trendy-21magic Casual Shoes,ASIAN,https://m.media-amazon.com/images/I/61M45eURF2L._AC_UL400_.jpg,649,692,3.6,shoe
Mens Revolution 6 Nn 4e Running Shoe,Nike,https://m.media-amazon.com/images/I/41tcxZ2E9bL._AC_UL400_.jpg,2434,956,3.9,shoe
Vector X Ranger Badminton/Tennis Court Shoe for Men Black-Green,Vector X,https://m.media-amazon.com/images/I/71Q0Bu0rHNL._AC_UL400_.jpg,869,151,4.2,shoe
Premium Sports Shoes for Men,Birde,https://m.media-amazon.com/images/I/61RCwy586qL._AC_UL400_.jpg,299,6,3.3,shoe
Men's Simba PRO Running Shoes,Campus,https://m.media-amazon.com/images/I/61ZWfsN6DBL._AC_UL400_.jpg,991,1280,4.0,shoe
FlaviaWomen Shoes,Flavia,https://m.media-amazon.com/images/I/61hLRH4FYML._AC_UL400_.jpg,699,1727,4.0,shoe
"Men's Achiever-16 Latest Stylish Casual Sneaker,Lace-up Lightweight with Extra Cushion Shoes for Running, Walking, Gym Shoes for Men's & Boy's",ASIAN,https://m.media-amazon.com/images/I/61AHl61SrBL._AC_UL400_.jpg,524,67,3.5,shoe
Mens Vs Pace 2.0 Skateboarding Shoe,Adidas,https://m.media-amazon.com/images/I/51kjf6eFJ-L._AC_UL400_.jpg,2699,363,4.2,shoe
"Men's Waterproof-03 Sports Running, Walking & Gym Shoes with Max Cushion Technology | Latest Casual Sneakers,Lace up Lightweight Shoes for Men's & Boy's",ASIAN,https://m.media-amazon.com/images/I/616XiuBMiQL._AC_UL400_.jpg,599,4242,3.6,shoe
STUSSYY Men's Running Shoe,OFF LIMITS,https://m.media-amazon.com/images/I/71udcnhlrvL._AC_UL400_.jpg,1995,,,shoe
"Sports Shoes for Men|Grey for Running,Walking,Gym and Hiking Shoes ORI-9037",Bersache,https://m.media-amazon.com/images/I/61Tm7GDrDZL._AC_UL400_.jpg,1199,23,3.8,shoe
"Men's Easywalk-08 Sports Running Shoes,First Walker, Gym Casual Sneaker Lace-Up Lightweight Shoes",ASIAN,https://m.media-amazon.com/images/I/51zkMmDmLaS._AC_UL400_.jpg,749,4574,3.8,shoe
"Men's CAPTAIN-13 Sports Running,Walking & Gym Shoes with Lightweight Eva Sole with Casual Sneaker Shoes for Men's & Boy's",ASIAN,https://m.media-amazon.com/images/I/81Im6DJv3zL._AC_UL400_.jpg,549,2293,3.7,shoe
Vector X Blaze-2.0 Football Shoes for Men's | Black-Gold | Size-9 | for Men and Adult | Walking | Casual | Lace-Up |,Vector X,https://m.media-amazon.com/images/I/61-oYX3wQhL._AC_UL400_.jpg,732,318,3.9,shoe
Women Stylish Lightweight Casual Sneaker Shoe,HOCKWOOD,https://m.media-amazon.com/images/I/51rbpuoJsaL._AC_UL400_.jpg,759,869,4.1,shoe
Men's Sx0687g Running Shoe,Sparx,https://m.media-amazon.com/images/I/71tQUAZhGnL._AC_UL400_.jpg,1375,463,3.9,shoe
Men's First Running Shoe,Campus,https://m.media-amazon.com/images/I/61+u7BBiaxL._AC_UL400_.jpg,1619,9141,3.9,shoe
Men's Everest Running Shoes,Campus,https://m.media-amazon.com/images/I/51+y0LkPurL._AC_UL400_.jpg,705,1511,3.7,shoe
Mens Energy Runner Lp Running Shoe,Reebok,https://m.media-amazon.com/images/I/71dGLtr+1mL._AC_UL400_.jpg,1230,3644,4.0,shoe
Shoe for Cricket Men Scorer 5.0,SG,https://m.media-amazon.com/images/I/41mcww-araL._AC_UL400_.jpg,1385,349,3.8,shoe
Mens 5g-820 Running Shoe,Campus,https://m.media-amazon.com/images/I/61AQu0BjsrL._AC_UL400_.jpg,1209,1504,3.8,shoe
Mens Stride Runner M Running Shoe,Reebok,https://m.media-amazon.com/images/I/81qXUHh48wL._AC_UL400_.jpg,1279,255,3.9,shoe
mens 2031-running Shoes BRUTON Running Shoes,BRUTON,https://m.media-amazon.com/images/I/71JWqQB7N7L._AC_UL400_.jpg,245,87,3.4,shoe
Men's Delta-21 Running Shoes for Men I Sport Shoes for Boys with Eva Sole for Extra Jump I Casual Shoes for Men,ASIAN,https://m.media-amazon.com/images/I/51vq9mxeeDL._AC_UL400_.jpg,759,500,3.8,shoe
mens Wonder-11 Sneaker,ASIAN,https://m.media-amazon.com/images/I/617OyFdfJVL._AC_UL400_.jpg,524,1710,3.8,shoe
Sports Walking Shoes for Men | Comfortable & Firm Grip,Red Tape,https://m.media-amazon.com/images/I/716I1LVPjxL._AC_UL400_.jpg,1059,309,4.0,shoe
"Allen Cooper 1156 Men's Safety Shoe, Size-8 UK, Grey (1 Pair Free Socks)",Allen Cooper,https://m.media-amazon.com/images/I/81GLfGsKcES._AC_UL400_.jpg,1749,7852,4.0,shoe
Mens Speed Riser Running Shoe,Reebok,https://m.media-amazon.com/images/I/71ftzWAoUEL._AC_UL400_.jpg,1355,873,4.2,shoe
"Men's Sports Walking Shoes - Arch Support, Dynamic Feet Support, On-Ground Stability, Soft-Cushioned Insole, Shock Absorption, Perfect for Walking & Running",Red Tape,https://m.media-amazon.com/images/I/615LosPUEOL._AC_UL400_.jpg,1359,515,4.0,shoe
Men's Formal Lace Up Shoes,BATA,https://m.media-amazon.com/images/I/71DaDx+tRiS._AC_UL400_.jpg,985,1083,3.5,shoe
"Men's Express-08 Sports Running,Walking,Gym,Training,Casual Sneaker Lace-Up Lightweight Shoes for Men's & Boy's",ASIAN,https://m.media-amazon.com/images/I/617lzuZ2VOL._AC_UL400_.jpg,649,1792,3.7,shoe
Mens Jazz E Platform,BATA,https://m.media-amazon.com/images/I/71ySHBDbJqL._AC_UL400_.jpg,389,52,3.8,shoe
Mens Hattrick-27 Loafer,ASIAN,https://m.media-amazon.com/images/I/611VlDgNorL._AC_UL400_.jpg,699,731,3.8,shoe
"Hattrick-21 Men's Sport Shoes | Ideal for Running, Walking & Gym | Lightweight & Casual Sneaker Shoe for Men's & Women's",ASIAN,https://m.media-amazon.com/images/I/61D8gunwafL._AC_UL400_.jpg,769,3770,3.8,shoe
Women's Melody-31 Loafers | Sports Running Shoes for Women's & Girl's,ASIAN,https://m.media-amazon.com/images/I/61mSY7QFCeL._AC_UL400_.jpg,474,1438,3.8,shoe
Mens Motion Pulse 2 M Walking Shoe,Reebok,https://m.media-amazon.com/images/I/81xr5ikwmLL._AC_UL400_.jpg,1449,96,3.8,shoe
Men's Walking Shoes,Red Tape,https://m.media-amazon.com/images/I/61EDnXh3BdL._AC_UL400_.jpg,1199,293,3.9,shoe
Women Aanya Walking Shoes,Campus,https://m.media-amazon.com/images/I/71Fql1QGTlL._AC_UL400_.jpg,669,430,3.8,shoe
Mens Max Cushioning Arch Fit Running Shoe,Skechers,https://m.media-amazon.com/images/I/817s74-LGsL._AC_UL400_.jpg,5510,806,4.5,shoe
Boy SCHZONE-DV Black School Uniform Shoe,Liberty,https://m.media-amazon.com/images/I/71hiqqfRFkL._AC_UL400_.jpg,549,5931,3.9,shoe
Mens Merage M Running Shoe,Adidas,https://m.media-amazon.com/images/I/71ewsOekYpL._AC_UL400_.jpg,1509,202,4.2,shoe
Mens Z Blaze Lite M Running Shoe,Reebok,https://m.media-amazon.com/images/I/810nSsKppXL._AC_UL400_.jpg,1380,,,shoe
Men's Waterproof-13 Synthetic Sports Running Shoes,ASIAN,https://m.media-amazon.com/images/I/71WrtLXTa8L._AC_UL400_.jpg,624,924,3.6,shoe
Mens Transition M Running Shoe,Reebok,https://m.media-amazon.com/images/I/71MXVEeLY0L._AC_UL400_.jpg,1196,,,shoe
Mens Golf Brown Sneaker,Liberty,https://m.media-amazon.com/images/I/81enUqS449L._AC_UL400_.jpg,648,8739,3.9,shoe
Wigwam,Power,https://m.media-amazon.com/images/I/71iXSkKxfeL._AC_UL400_.jpg,692,285,4.0,shoe
"Men's Wind-04 Sports Walking,Running & Gym Shoes with Eva Sole Casual Lightweight Slip-On Shoes for Men's & Boy's",ASIAN,https://m.media-amazon.com/images/I/61mu7T5MLqL._AC_UL400_.jpg,599,278,3.8,shoe
"Men's OSCAR-01 Sports Running,Walking,Gym Shoes with Lightweight EVA Sole with Casual Sneaker Shoes for Men's & Boy's",ASIAN,https://m.media-amazon.com/images/I/71p--IZ5nBL._AC_UL400_.jpg,599,16469,3.9,shoe
"Men's Newton-09 Sports Running,Walking & Gym Shoes with SoleFlex Technology Casual Sneaker Shoes for Men's & Boy's",ASIAN,https://m.media-amazon.com/images/I/81Pm2+fcoKL._AC_UL400_.jpg,599,237,3.8,shoe
"Men's Bouncer-01 Sports,Walking,Gym,Training,Running Shoes",ASIAN,https://m.media-amazon.com/images/I/61vwMlmkFKL._AC_UL400_.jpg,599,13393,3.7,shoe
Men's Crystal-05 Sports Running Shoes & Walking Shoes Gym Casual Sneaker Lace-Up Shoes,ASIAN,https://m.media-amazon.com/images/I/614+kyR1HIL._AC_UL400_.jpg,1149,1780,3.7,shoe
"Men's Synthetic Sports,Running,Casual Loafer Shoes for Boy's",ASIAN,https://m.media-amazon.com/images/I/614elUzM4GL._AC_UL400_.jpg,524,15449,3.8,shoe
"Sports Shoes for Men|Grey for Running,Walking,Gym and Hiking Shoes ORI-9037",Bersache,https://m.media-amazon.com/images/I/61Tm7GDrDZL._AC_UL400_.jpg,1199,23,3.8,shoe
Mens Hattrick-27 Loafer,ASIAN,https://m.media-amazon.com/images/I/611VlDgNorL._AC_UL400_.jpg,699,731,3.8,shoe
Men's Walking Shoes,Red Tape,https://m.media-amazon.com/images/I/61EDnXh3BdL._AC_UL400_.jpg,1199,293,3.9,shoe
Men's CATO Running Shoes,Campus,https://m.media-amazon.com/images/I/61ztUhuiAGL._AC_UL400_.jpg,699,10,4.0,shoe
Shoes for Trendy Shoes | Casual Shoes | Sports Shoes | Running Shoes | Exclusive Shoes for Men (Numeric_9) Blue,BRUTON,https://m.media-amazon.com/images/I/71JWqQB7N7L._AC_UL400_.jpg,229,89,3.1,shoe
Mens Energy Burst M Running Shoe,Reebok,https://m.media-amazon.com/images/I/61fnCHnjhyL._AC_UL400_.jpg,1267,1,5.0,shoe
Men's Running Shoe,BRUTON,https://m.media-amazon.com/images/I/51bChneYvhL._AC_UL400_.jpg,245,5,2.3,shoe
Womens Sx0123l Walking Shoes,Sparx,https://m.media-amazon.com/images/I/71ZjlSQBgHL._AC_UL400_.jpg,889,15201,4.3,shoe
Mens Coarse Running Shoe,Puma,https://m.media-amazon.com/images/I/51Cs+xUnFNL._AC_UL400_.jpg,2149,44,4.1,shoe
Men's Skypee-162 Casual Sneaker Lightweight Lace-up Shoes for Men's & Boy's,ASIAN,https://m.media-amazon.com/images/I/71GvKt5cshL._AC_UL400_.jpg,499,4617,3.8,shoe
Mens Jasper Running Shoes,Campus,https://m.media-amazon.com/images/I/61uwQdDQgnL._AC_UL400_.jpg,919,2114,3.7,shoe
Mens Motion Pulse 2 M Walking Shoe,Reebok,https://m.media-amazon.com/images/I/81xr5ikwmLL._AC_UL400_.jpg,1449,96,3.8,shoe
Mens Jolt 1 Running Shoe,ASICS,https://m.media-amazon.com/images/I/81clh2+4ZgL._AC_UL400_.jpg,2579,275,4.0,shoe
Mens Sm-680 Running Shoe,Sparx,https://m.media-amazon.com/images/I/71ZI+kzf88L._AC_UL400_.jpg,1199,243,3.9,shoe
"Walking Sports Shoes for Men | Soft Cushioned Insole, Slip-Resistance, Dynamic Feet Support, Arch Support & Shock Absorption",Red Tape,https://m.media-amazon.com/images/I/71quAyXL44L._AC_UL400_.jpg,1379,196,4.0,shoe
Mens Ultimate Ease Walking Shoe,Puma,https://m.media-amazon.com/images/I/81gkc2iaVjL._AC_UL400_.jpg,1529,2328,3.9,shoe
"Men's INNOVA-01 Sports Running,Walking & Gym Shoes for Max Cushion Technology Casual Sneaker Shoes for Men's & Boy's",ASIAN,https://m.media-amazon.com/images/I/61G4TfbY-yL._AC_UL400_.jpg,949,1173,3.7,shoe
"Men's Easywalk-08 Sports Running Shoes,First Walker, Gym Casual Sneaker Lace-Up Lightweight Shoes",ASIAN,https://m.media-amazon.com/images/I/51zkMmDmLaS._AC_UL400_.jpg,749,4574,3.8,shoe
Mens Moonwalk-01 Loafer,ASIAN,https://m.media-amazon.com/images/I/81m-I1dLOJL._AC_UL400_.jpg,555,1329,4.0,shoe
"Men's Cosko Sports Running,Walking,Gym,Training Sneaker Lace-Up Shoes for Men's & Boy's",ASIAN,https://m.media-amazon.com/images/I/61I69vDCBML._AC_UL400_.jpg,549,22868,3.8,shoe
Wigwam,Power,https://m.media-amazon.com/images/I/71iXSkKxfeL._AC_UL400_.jpg,692,285,4.0,shoe
Mens Xtream Running Shoes,Fusefit,https://m.media-amazon.com/images/I/718d1qEf3cL._AC_UL400_.jpg,599,6215,3.8,shoe
Men's Sx0687g Running Shoe,Sparx,https://m.media-amazon.com/images/I/71tQUAZhGnL._AC_UL400_.jpg,1375,463,3.9,shoe
Mens Sx0379g Running Shoes,Sparx,https://m.media-amazon.com/images/I/81YTs+v2vGL._AC_UL400_.jpg,1124,1833,4.1,shoe
Men Benito Running Shoes,Campus,https://m.media-amazon.com/images/I/71Mx-kNMcIL._AC_UL400_.jpg,1119,187,3.8,shoe
Men's Running Shoes,Sparx,https://m.media-amazon.com/images/I/71X8gXn3VXL._AC_UL400_.jpg,1231,5078,4.2,shoe
Men's ZURIK PRO Running Shoes,Campus,https://m.media-amazon.com/images/I/610bRKk-mjL._AC_UL400_.jpg,1104,148,3.8,shoe
Project Plus Running Walking Training Gym Shoes Specially Developed for Wide and Large Foots | Only Big UK-11 to 15,Bacca Bucci,https://m.media-amazon.com/images/I/712s9YWdZZL._AC_UL400_.jpg,1299,471,4.1,shoe
"Men's Bullet-13 Sports Running Shoes Walking,Gym Casual Sneaker Lace-Up Lightweight Shoes for Gym",ASIAN,https://m.media-amazon.com/images/I/61BDn97TtRL._AC_UL400_.jpg,499,5714,3.8,shoe
Men's Dragon Running Shoes,Campus,https://m.media-amazon.com/images/I/61tMsaPtv9L._AC_UL400_.jpg,1374,3269,3.7,shoe
Men Synthetic/Textile Inspire 2.0 M Running Shoes Flat Grey/Solar Lime UK-11,Reebok,https://m.media-amazon.com/images/I/81aZgsMHSAL._AC_UL400_.jpg,1111,,,shoe
Mens Golf Brown Sneaker,Liberty,https://m.media-amazon.com/images/I/81enUqS449L._AC_UL400_.jpg,648,8739,3.9,shoe
womens Jessica Running Shoe,Campus,https://m.media-amazon.com/images/I/51Pc3-7QqnL._AC_UL400_.jpg,829,793,4.1,shoe
"Men's Everest-01 Sports Trekking & Hiking,Walking Shoes with Rubber Outsole & Memory Foam Insole Lace-Up Shoes for Men's & Boy's",ASIAN,https://m.media-amazon.com/images/I/81CDiXdNvvL._AC_UL400_.jpg,999,144,4.0,shoe
Men's Refresh PRO Running Shoes,Campus,https://m.media-amazon.com/images/I/61O-N5gkczL._AC_UL400_.jpg,1099,628,3.9,shoe
Men Black Walking Shoes,Red Tape,https://m.media-amazon.com/images/I/61tI95sR2iL._AC_UL400_.jpg,1724,147,3.8,shoe
Women's Alice Running Shoes,Campus,https://m.media-amazon.com/images/I/619zoopZUDL._AC_UL400_.jpg,909,5267,4.2,shoe
Mens Abor Sneakers,U.S. POLO ASSN.,https://m.media-amazon.com/images/I/712+YtEr4HL._AC_UL400_.jpg,1849,3119,3.6,shoe
mens F-04 First Walker Shoe,ASIAN,https://m.media-amazon.com/images/I/51+sCJqV4RL._AC_UL400_.jpg,499,517,3.9,shoe
Mens Revelrun M Running Shoe,Adidas,https://m.media-amazon.com/images/I/71xT-k8Y6JL._AC_UL400_.jpg,1809,75,4.0,shoe
Mens Equalizer 4.0 - Persisting Sneakers,Skechers,https://m.media-amazon.com/images/I/81e1IH4sesL._AC_UL400_.jpg,3491,2123,4.6,shoe
Mens Adi Zoom M Running Shoe,Adidas,https://m.media-amazon.com/images/I/71qRSXp212L._AC_UL400_.jpg,2309,578,3.9,shoe
Mens Merage M Running Shoe,Adidas,https://m.media-amazon.com/images/I/71ewsOekYpL._AC_UL400_.jpg,1509,202,4.2,shoe
Mens Fluidglow M Running Shoes,Adidas,https://m.media-amazon.com/images/I/71cFwyj2EJL._AC_UL400_.jpg,2149,1398,4.0,shoe
"Allen Cooper 1156 Men's Safety Shoe, Size-8 UK, Grey (1 Pair Free Socks)",Allen Cooper,https://m.media-amazon.com/images/I/81GLfGsKcES._AC_UL400_.jpg,1749,7852,4.0,shoe
Women's Misty Running Shoes,Campus,https://m.media-amazon.com/images/I/615bHSdgwBL._AC_UL400_.jpg,1049,5442,4.2,shoe
Men Walking Shoes,Red Tape,https://m.media-amazon.com/images/I/71UUKoko1AL._AC_UL400_.jpg,1399,80,4.0,shoe
"Zeus Men Fashion Sneakers/Running Shoes with Chunky Rubber Outsole for Running, Walking, Training, Gyming, Streets, Parties & Fun",Bacca Bucci,https://m.media-amazon.com/images/I/41-WXyLST0L._AC_UL400_.jpg,1499,1070,3.9,shoe
Men Mesh Sports Shoes for Men Running and Walking Shoes,Birde,https://m.media-amazon.com/images/I/81z5Wvq0a2L._AC_UL400_.jpg,299,37,3.1,shoe
Mens Joy Run Sneaker,Puma,https://m.media-amazon.com/images/I/71vkP7qgBmL._AC_UL400_.jpg,1376,24,3.4,shoe
"Grey Sports Shoes for Men's- Lace-Up Shoes, Perfect Walking & Running Shoes for Men",Red Tape,https://m.media-amazon.com/images/I/5157yvIWmBL._AC_UL400_.jpg,1339,137,4.1,shoe
Men's Sm-705 Running Shoe,Sparx,https://m.media-amazon.com/images/I/81E2qeSkMzL._AC_UL400_.jpg,899,299,4.0,shoe
Mens Fanatic Running Shoe,Amazon Brand - Symactive,https://m.media-amazon.com/images/I/71Z+I8I9nSL._AC_UL400_.jpg,789,609,3.8,shoe
"Men's OSCAR-01 Sports Running,Walking,Gym Shoes with Lightweight EVA Sole with Casual Sneaker Shoes for Men's & Boy's",ASIAN,https://m.media-amazon.com/images/I/71p--IZ5nBL._AC_UL400_.jpg,599,16469,3.9,shoe
"Men's Newton-09 Sports Running,Walking & Gym Shoes with SoleFlex Technology Casual Sneaker Shoes for Men's & Boy's",ASIAN,https://m.media-amazon.com/images/I/81Pm2+fcoKL._AC_UL400_.jpg,599,237,3.8,shoe
"Men's FUTURE-01 Sports Running,Walking & Gym Shoes with Eva Sole Extra Jump Casual Sneaker Shoes for Men's & Boy's",ASIAN,https://m.media-amazon.com/images/I/6116U2+8u+L._AC_UL400_.jpg,549,7014,3.8,shoe
"Men's CAPTAIN-13 Sports Running,Walking & Gym Shoes with Lightweight Eva Sole with Casual Sneaker Shoes for Men's & Boy's",ASIAN,https://m.media-amazon.com/images/I/81Im6DJv3zL._AC_UL400_.jpg,549,2293,3.7,shoe
"Men's Bouncer-01 Sports,Walking,Gym,Training,Running Shoes",ASIAN,https://m.media-amazon.com/images/I/61vwMlmkFKL._AC_UL400_.jpg,599,13393,3.7,shoe
Men's Crystal-05 Sports Running Shoes & Walking Shoes Gym Casual Sneaker Lace-Up Shoes,ASIAN,https://m.media-amazon.com/images/I/614+kyR1HIL._AC_UL400_.jpg,1149,1780,3.7,shoe
"Men's Easywalk-08 Sports Running Shoes,First Walker, Gym Casual Sneaker Lace-Up Lightweight Shoes",ASIAN,https://m.media-amazon.com/images/I/51zkMmDmLaS._AC_UL400_.jpg,749,4574,3.8,shoe
"Sports Shoes for Men|Grey for Running,Walking,Gym and Hiking Shoes ORI-9037",Bersache,https://m.media-amazon.com/images/I/61Tm7GDrDZL._AC_UL400_.jpg,1199,23,3.8,shoe
"Men's Chrome-01 Sports Running,Walking & Gym Shoes with Casual Sneaker Shoes for Men's & Boy's",ASIAN,https://m.media-amazon.com/images/I/71qXxKkslzL._AC_UL400_.jpg,1349,114,3.9,shoe
"Sneaker Casual Shoes for Men | Soft Cushioned Insole, Slip-Resistance, Dynamic Feet Support, Arch Support & Shock Absorption",Red Tape,https://m.media-amazon.com/images/I/71DmSTAmH+L._AC_UL400_.jpg,1379,418,3.9,shoe
Mens Xtream Running Shoes,Fusefit,https://m.media-amazon.com/images/I/718d1qEf3cL._AC_UL400_.jpg,599,6215,3.8,shoe
Men's Royce-2 Running Shoes,Campus,https://m.media-amazon.com/images/I/617QtLqfSlL._AC_UL400_.jpg,859,11240,4.0,shoe
Men Black Walking Shoes,Red Tape,https://m.media-amazon.com/images/I/61tI95sR2iL._AC_UL400_.jpg,1724,147,3.8,shoe
Mens Abor Sneakers,U.S. POLO ASSN.,https://m.media-amazon.com/images/I/712+YtEr4HL._AC_UL400_.jpg,1849,3119,3.6,shoe
Mens Amalgo M Running Shoe,Adidas,https://m.media-amazon.com/images/I/81UjpXWCLXL._AC_UL400_.jpg,2743,16,3.8,shoe
Womens Wonder Run W Running Shoe,Reebok,https://m.media-amazon.com/images/I/81n426ej8cL._AC_UL400_.jpg,1027,83,3.9,shoe
Men Synthetic/Textile Inspire 2.0 M Running Shoes Flat Grey/Solar Lime UK-11,Reebok,https://m.media-amazon.com/images/I/81aZgsMHSAL._AC_UL400_.jpg,1111,,,shoe
Men's Refresh PRO Running Shoes,Campus,https://m.media-amazon.com/images/I/61O-N5gkczL._AC_UL400_.jpg,1099,628,3.9,shoe
Mens Flex Experience Rn 11 Nn Running,Nike,https://m.media-amazon.com/images/I/51s9jNuFHHL._AC_UL400_.jpg,2997,127,3.4,shoe
Mens Fanatic Running Shoe,Amazon Brand - Symactive,https://m.media-amazon.com/images/I/71Z+I8I9nSL._AC_UL400_.jpg,789,609,3.8,shoe
Mens Glowrun Reflective M Running Shoe,Adidas,https://m.media-amazon.com/images/I/91Oes-sL-tL._AC_UL400_.jpg,2351,2165,4.0,shoe
Mens Corso Oxford Platform,Hush Puppies,https://m.media-amazon.com/images/I/81dMOehT51L._AC_UL400_.jpg,2699,59,3.7,shoe
Mens Fluidglow M Running Shoes,Adidas,https://m.media-amazon.com/images/I/71cFwyj2EJL._AC_UL400_.jpg,2149,1398,4.0,shoe
"Men's INNOVA-01 Sports Running,Walking & Gym Shoes for Max Cushion Technology Casual Sneaker Shoes for Men's & Boy's",ASIAN,https://m.media-amazon.com/images/I/61G4TfbY-yL._AC_UL400_.jpg,949,1173,3.7,shoe
"Men's Synthetic Sports,Running,Casual Loafer Shoes for Boy's",ASIAN,https://m.media-amazon.com/images/I/614elUzM4GL._AC_UL400_.jpg,524,15449,3.8,shoe
"Men's CAPTAIN-13 Sports Running,Walking & Gym Shoes with Lightweight Eva Sole with Casual Sneaker Shoes for Men's & Boy's",ASIAN,https://m.media-amazon.com/images/I/81Im6DJv3zL._AC_UL400_.jpg,549,2293,3.7,shoe
"Men's FUTURE-01 Sports Running,Walking & Gym Shoes with Eva Sole Extra Jump Casual Sneaker Shoes for Men's & Boy's",ASIAN,https://m.media-amazon.com/images/I/6116U2+8u+L._AC_UL400_.jpg,549,7014,3.8,shoe
"Men's Cosko Sports Running,Walking,Gym,Training Sneaker Lace-Up Shoes for Men's & Boy's",ASIAN,https://m.media-amazon.com/images/I/61I69vDCBML._AC_UL400_.jpg,549,22868,3.8,shoe
Men LS-2005 Sports Shoes,Liberty,https://m.media-amazon.com/images/I/81I+nvuBH7L._AC_UL400_.jpg,999,895,3.8,shoe
Women's Sunshine Running Sport Shoe,Campus,https://m.media-amazon.com/images/I/611-3Kc+s6L._AC_UL400_.jpg,1219,1769,4.1,shoe
"Exclusive Trendy, Casual, Sports Shoes for Men, Running Shoes for Men",BRUTON,https://m.media-amazon.com/images/I/61V2MPg7jSL._AC_UL400_.jpg,249,404,2.9,shoe
Men's Sm-705 Running Shoe,Sparx,https://m.media-amazon.com/images/I/81E2qeSkMzL._AC_UL400_.jpg,899,299,4.0,shoe
Mens Flyer Runner Engineered Knit Running Shoe,Puma,https://m.media-amazon.com/images/I/61MxcCHWUCL._AC_UL400_.jpg,2569,6,3.9,shoe
mens Newton-01 Sneaker,ASIAN,https://m.media-amazon.com/images/I/61FY2pta1AL._AC_UL400_.jpg,524,107,3.7,shoe
Mens 8621-3 Men's Formal Shoe,Centrino,https://m.media-amazon.com/images/I/713F1KTpXWL._AC_UL400_.jpg,599,657,3.7,shoe
"Zeus Men Fashion Sneakers/Running Shoes with Chunky Rubber Outsole for Running, Walking, Training, Gyming, Streets, Parties & Fun",Bacca Bucci,https://m.media-amazon.com/images/I/41-WXyLST0L._AC_UL400_.jpg,1499,1070,3.9,shoe
Mens Sx0676g Running Shoes,Sparx,https://m.media-amazon.com/images/I/71QgNMZLCTS._AC_UL400_.jpg,1398,591,4.0,shoe
"Wonder-11 Running Shoes,Training Shoes,Gym Shoes,Sports Shoes for Men…",ASIAN,https://m.media-amazon.com/images/I/31hxEnJRVEL._AC_UL400_.jpg,524,4598,3.8,shoe
Men's Running Shoe,BRUTON,https://m.media-amazon.com/images/I/51bChneYvhL._AC_UL400_.jpg,245,5,2.3,shoe
Men Mesh Sports Shoes for Men Running and Walking Shoes,Birde,https://m.media-amazon.com/images/I/91tcwAHrnsL._AC_UL400_.jpg,249,471,3.0,shoe
Unisex-Adult Duke Idp Running Shoe,Puma,https://m.media-amazon.com/images/I/71E018D-UiL._AC_UL400_.jpg,1599,373,4.0,shoe
Leather with Lace Formal Ankle Shoes for Men RC3467,Red Chief,https://m.media-amazon.com/images/I/91vaHcyqG+L._AC_UL400_.jpg,2339,1712,3.8,shoe
Mens Yking 2.0 Running Shoe,Adidas,https://m.media-amazon.com/images/I/81ZSH9froPL._AC_UL400_.jpg,2159,6502,4.1,shoe
Mens Glide-Step Sport - New Approa Casual Shoes,Skechers,https://m.media-amazon.com/images/I/81+AshsrWXL._AC_UL400_.jpg,3525,33,4.4,shoe
Mens Glideease M Running Shoe,Adidas,https://m.media-amazon.com/images/I/71xO3DbgQ1L._AC_UL400_.jpg,1457,17,3.6,shoe
Women's Matty Walking Shoes,Campus,https://m.media-amazon.com/images/I/61nkvY9BG7L._AC_UL400_.jpg,794,492,3.8,shoe
Men Sa 05 Formal Shoes,BATA,https://m.media-amazon.com/images/I/71Tc7HRhhGL._AC_UL400_.jpg,779,1059,3.9,shoe
Mens 1421 Men's Shoes,Centrino,https://m.media-amazon.com/images/I/815IYYqugeL._AC_UL400_.jpg,889,5969,3.9,shoe
mens Sx0379g Running Shoes,Sparx,https://m.media-amazon.com/images/I/81-TxeADroL._AC_UL400_.jpg,1199,2671,4.2,shoe
Mens G 40777cma Sneaker,Woodland,https://m.media-amazon.com/images/I/81xJyfpldXL._AC_UL400_.jpg,2337,3988,4.1,shoe
Flash Shoe Badminton for | Blue Sole,Nivia,https://m.media-amazon.com/images/I/719N2dWOCKL._AC_UL400_.jpg,940,7977,4.0,shoe
Men's Belgium Plus Running Shoes,Campus,https://m.media-amazon.com/images/I/51Rz0AdwtrL._AC_UL400_.jpg,1206,579,4.0,shoe
Lucy & Luke Sports Shoes for Kids,Liberty,https://m.media-amazon.com/images/I/61+5eiq4-lL._AC_UL400_.jpg,404,34,4.5,shoe
Men's Walking Shoes,Red Tape,https://m.media-amazon.com/images/I/61TcJ2Es-ML._AC_UL400_.jpg,899,175,4.1,shoe
Men Aaron Derby Formal Shoes,Hush Puppies,https://m.media-amazon.com/images/I/61pLhXytmGL._AC_UL400_.jpg,2804,2188,3.8,shoe
Men's Loire-z3 Running Shoes,Bourge,https://m.media-amazon.com/images/I/81D+j9coYFL._AC_UL400_.jpg,727,4379,4.1,shoe
Mens Gc 3013118 Moccasins,Woodland,https://m.media-amazon.com/images/I/71s5sT9ROAL._AC_UL400_.jpg,2397,227,3.9,shoe
Mens Sc0732g Sneaker,Sparx,https://m.media-amazon.com/images/I/71iU1X9WCOL._AC_UL400_.jpg,879,181,4.0,shoe
Women Sports LACE UP Shoes,Denill,https://m.media-amazon.com/images/I/61eZGX4CkzL._AC_UL400_.jpg,599,651,3.8,shoe
"Combat 2.0 Basketball Shoes for Mens | Phylon, Rubber & TPU Shank Sole with Spacer Mesh Covered with TPU Film Upper | Basketball Court Indoor and Outdoor",Nivia,https://m.media-amazon.com/images/I/71vuvrgIjAL._AC_UL400_.jpg,1852,504,4.0,shoe
Mens Moonwalk-01 Loafer,ASIAN,https://m.media-amazon.com/images/I/81m-I1dLOJL._AC_UL400_.jpg,555,1329,4.0,shoe
"Men's OSCAR-01 Sports Running,Walking,Gym Shoes with Lightweight EVA Sole with Casual Sneaker Shoes for Men's & Boy's",ASIAN,https://m.media-amazon.com/images/I/71p--IZ5nBL._AC_UL400_.jpg,599,16469,3.9,shoe
Wigwam,Power,https://m.media-amazon.com/images/I/71iXSkKxfeL._AC_UL400_.jpg,692,285,4.0,shoe
Mens Hattrick-27 Loafer,ASIAN,https://m.media-amazon.com/images/I/611VlDgNorL._AC_UL400_.jpg,699,731,3.8,shoe
"Men's Bouncer-01 Sports,Walking,Gym,Training,Running Shoes",ASIAN,https://m.media-amazon.com/images/I/61vwMlmkFKL._AC_UL320_.jpg,599,13393,3.7,shoe
Global-WHT-BLK-8,JQR,https://m.media-amazon.com/images/I/61fMfj5RHQL._AC_UL320_.jpg,1120,1,5.0,shoe
Men's Crystal-05 Sports Running Shoes & Walking Shoes Gym Casual Sneaker Lace-Up Shoes,ASIAN,https://m.media-amazon.com/images/I/614+kyR1HIL._AC_UL320_.jpg,1149,1780,3.7,shoe
"Sports Shoes for Men|Grey for Running,Walking,Gym and Hiking Shoes ORI-9037",Bersache,https://m.media-amazon.com/images/I/61Tm7GDrDZL._AC_UL320_.jpg,1199,23,3.8,shoe
Athleo ATG-710 Men's Mesh Breathable/Lightweight/Comfort/Walking/Gym/Outdoor/Trendy Running Shoe,ACTION,https://m.media-amazon.com/images/I/718nNSDw8LL._AC_UL320_.jpg,699,7,3.5,shoe
Leather with Lace Formal Ankle Shoes for Men RC3467,Red Chief,https://m.media-amazon.com/images/I/91vaHcyqG+L._AC_UL320_.jpg,2339,1712,3.8,shoe
Mens Sm-375 Sneaker,Sparx,https://m.media-amazon.com/images/I/71zFljxHt-L._AC_UL320_.jpg,824,196,4.0,shoe
Men's Protonium Lite Running Shoe,Reebok,https://m.media-amazon.com/images/I/81NFu4fCDgL._AC_UL320_.jpg,1350,844,4.0,shoe
Men ELOISE-1E N.Blue Running Shoes,Liberty,https://m.media-amazon.com/images/I/91FBeuCXKQL._AC_UL320_.jpg,466,637,3.7,shoe
Mens Swift-e Sneaker,Liberty,https://m.media-amazon.com/images/I/510UySmt8yL._AC_UL320_.jpg,839,58,3.9,shoe
Womens Claire E Sneaker,BATA,https://m.media-amazon.com/images/I/61u0201B89L._AC_UL320_.jpg,949,2,4.5,shoe
"SIAN Men's Wind-02 Sports Walking Shoes Latest Stylish Casual Slip-on Lightweight Shoes for Running, Walking, Gym Shoes",ASIAN,https://m.media-amazon.com/images/I/81xn0+LUKrL._AC_UL320_.jpg,552,159,3.7,shoe
Women's Matty Walking Shoes,Campus,https://m.media-amazon.com/images/I/61nkvY9BG7L._AC_UL320_.jpg,794,492,3.8,shoe
Men's Hellion Z M Running Shoe,Adidas,https://m.media-amazon.com/images/I/712AsoD8uTL._AC_UL320_.jpg,1868,2560,3.9,shoe
Mens Glide-Step Sport - New Approa Casual Shoes,Skechers,https://m.media-amazon.com/images/I/81+AshsrWXL._AC_UL320_.jpg,3525,33,4.4,shoe
Mens Air Winflo 9 Running Shoe,Nike,https://m.media-amazon.com/images/I/71ulX1S--bL._AC_UL320_.jpg,4942,107,3.7,shoe
"Cosco Running Shoes,Training Shoes,Gym Shoes,Sports Shoes,Walking Shoes for Men's (Navy Blue,Numeric_8)",CLYMB,https://m.media-amazon.com/images/I/61-jlj0anYL._AC_UL320_.jpg,512,1,5.0,shoe
Mens Sx9038g Running Shoe,Sparx,https://m.media-amazon.com/images/I/61Dm2iTzdRL._AC_UL320_.jpg,849,261,3.6,shoe
Mens Indus-215 Hiking Shoe,LANCER,https://m.media-amazon.com/images/I/71BmAl4mn1L._AC_UL320_.jpg,587,466,3.8,shoe
"Men's Thar-08 Sports Running,Walking & Gym Shoes with Eva Sole Extra Jump Casual Sneaker Shoes for Men's & Boy's…",ASIAN,https://m.media-amazon.com/images/I/81w0jxO5ITL._AC_UL320_.jpg,599,60,3.6,shoe
"Men's Easywalk-08 Sports Running Shoes,First Walker, Gym Casual Sneaker Lace-Up Lightweight Shoes",ASIAN,https://m.media-amazon.com/images/I/51zkMmDmLaS._AC_UL320_.jpg,749,4574,3.8,shoe
"Men's Synthetic Sports,Running,Casual Loafer Shoes for Boy's",ASIAN,https://m.media-amazon.com/images/I/614elUzM4GL._AC_UL320_.jpg,524,15449,3.8,shoe
"Men's Cosko Sports Running,Walking,Gym,Training Sneaker Lace-Up Shoes for Men's & Boy's",ASIAN,https://m.media-amazon.com/images/I/61I69vDCBML._AC_UL320_.jpg,549,22868,3.8,shoe
Wigwam,Power,https://m.media-amazon.com/images/I/71iXSkKxfeL._AC_UL320_.jpg,692,285,4.0,shoe
"Wonder-11 Running Shoes,Training Shoes,Gym Shoes,Sports Shoes for Men…",ASIAN,https://m.media-amazon.com/images/I/31hxEnJRVEL._AC_UL320_.jpg,524,4598,3.8,shoe
Men's Royce-2 Running Shoes,Campus,https://m.media-amazon.com/images/I/617QtLqfSlL._AC_UL320_.jpg,859,11240,4.0,shoe
Sports Walking Shoes for Men | Comfortable Lace-Up,Red Tape,https://m.media-amazon.com/images/I/61jBY529rkL._AC_UL320_.jpg,1699,24,3.6,shoe
Mens Max Cushioning Arch Fit Running Shoe,Skechers,https://m.media-amazon.com/images/I/817s74-LGsL._AC_UL320_.jpg,5510,806,4.5,shoe
"Men's Newton-09 Sports Running,Walking & Gym Shoes with SoleFlex Technology Casual Sneaker Shoes for Men's & Boy's",ASIAN,https://m.media-amazon.com/images/I/71hS1AqcDcL._AC_UL320_.jpg,599,237,3.8,shoe
Mens Glowrun Reflective M Running Shoe,Adidas,https://m.media-amazon.com/images/I/91Oes-sL-tL._AC_UL320_.jpg,2351,2165,4.0,shoe
"Sports Shoes for Men |Latest Stylish Sports Shoes for Men |Lace-Up Lightweight Red Shoes for Running, Walking, Gym,Trekking and Hiking Shoes for Men (ORI-9010)",Bersache,https://m.media-amazon.com/images/I/61UvG1sMnUL._AC_UL320_.jpg,579,130,3.2,shoe
Mens Duramo Sl 2.0 Sneaker,Adidas,https://m.media-amazon.com/images/I/61AKqSIRLsL._AC_UL320_.jpg,3893,253,4.3,shoe
Lucy & Luke Sports Shoes for Kids,Liberty,https://m.media-amazon.com/images/I/61+5eiq4-lL._AC_UL320_.jpg,404,34,4.5,shoe
Men's 7957 Formal,Centrino,https://m.media-amazon.com/images/I/613+kpCuyRS._AC_UL320_.jpg,699,1081,3.8,shoe
Mens Flyer Runner Engineered Knit Running Shoe,Puma,https://m.media-amazon.com/images/I/61MxcCHWUCL._AC_UL320_.jpg,2569,6,3.9,shoe
Mens Raygun M Running Shoe,Adidas,https://m.media-amazon.com/images/I/71bPzy1h9EL._AC_UL320_.jpg,1620,133,3.9,shoe
unisex-adult Nrgy Comet Running Shoe,Puma,https://m.media-amazon.com/images/I/61C7VlzvM2L._AC_UL320_.jpg,2369,1707,4.0,shoe
Remo Men's Formal Leather Lace Up Shoes,BATA,https://m.media-amazon.com/images/I/71sKTee4WEL._AC_UL320_.jpg,1169,195,3.6,shoe
Men's Wynk Running Shoes,Campus,https://m.media-amazon.com/images/I/719ML7eIyHL._AC_UL320_.jpg,650,167,3.8,shoe
Women Sports LACE UP Shoes,Denill,https://m.media-amazon.com/images/I/61eZGX4CkzL._AC_UL320_.jpg,599,651,3.8,shoe
Shoes for Trendy Shoes | Casual Shoes | Sports Shoes | Running Shoes,BRUTON,https://m.media-amazon.com/images/I/71JWqQB7N7L._AC_UL320_.jpg,249,123,2.9,shoe
Mens 1421 Men's Shoes,Centrino,https://m.media-amazon.com/images/I/815IYYqugeL._AC_UL320_.jpg,889,5969,3.9,shoe
Women's Mauve Running Shoes,Campus,https://m.media-amazon.com/images/I/61CwQ8LViSL._AC_UL320_.jpg,919,116,4.0,shoe
Men's Running Shoes,Campus,https://m.media-amazon.com/images/I/81wcXbgsuiL._AC_UL320_.jpg,663,3356,4.1,shoe
Men Aaron Derby Formal Shoes,Hush Puppies,https://m.media-amazon.com/images/I/61pLhXytmGL._AC_UL320_.jpg,2804,2188,3.8,shoe
Men's Drogo M Running Shoes,Adidas,https://m.media-amazon.com/images/I/81Sg1ZrSCBL._AC_UL320_.jpg,1739,9575,4.1,shoe
Blast Cricket Shoes,Vector X,https://m.media-amazon.com/images/I/811SKETVdXL._AC_UL320_.jpg,679,1774,3.8,shoe
Mens Dezmer Ms Running Shoe,Adidas,https://m.media-amazon.com/images/I/91r8mB1lptL._AC_UL320_.jpg,2879,45,4.0,shoe
Mens Corso Oxford Platform,Hush Puppies,https://m.media-amazon.com/images/I/81dMOehT51L._AC_UL320_.jpg,2699,59,3.7,shoe
Men's Beamers M Running Shoe,Adidas,https://m.media-amazon.com/images/I/816xM+EhE3L._AC_UL320_.jpg,2469,1113,3.8,shoe
Men's Walking Shoes,Red Tape,https://m.media-amazon.com/images/I/61gcbWEiTEL._AC_UL320_.jpg,1159,48,3.7,shoe
Mens Docie Ii E Sneaker,BATA,https://m.media-amazon.com/images/I/711DaCdR3mL._AC_UL320_.jpg,845,16,4.2,shoe
Men Sa 05 Formal Shoes,BATA,https://m.media-amazon.com/images/I/71Tc7HRhhGL._AC_UL320_.jpg,779,1059,3.9,shoe
Men's Running Shoe,BRUTON,https://m.media-amazon.com/images/I/61YYRTheMtL._AC_UL320_.jpg,245,1,4.0,shoe
Unisex-Adult Flair 2 Running Shoe,Puma,https://m.media-amazon.com/images/I/51VZIoX3Z5L._AC_UL320_.jpg,1799,146,3.9,shoe
Mens Spectra Lite Running Shoe,Reebok,https://m.media-amazon.com/images/I/81IsnQ7jqaL._AC_UL320_.jpg,1261,233,4.0,shoe
"Men's CAPTAIN-13 Sports Running,Walking & Gym Shoes with Lightweight Eva Sole with Casual Sneaker Shoes for Men's & Boy's",ASIAN,https://m.media-amazon.com/images/I/81Im6DJv3zL._AC_UL320_.jpg,549,2293,3.7,shoe
Mens Moonwalk-01 Loafer,ASIAN,https://m.media-amazon.com/images/I/81m-I1dLOJL._AC_UL320_.jpg,555,1329,4.0,shoe
"Men's Wind-04 Sports Walking,Running & Gym Shoes with Eva Sole Casual Lightweight Slip-On Shoes for Men's & Boy's",ASIAN,https://m.media-amazon.com/images/I/61mu7T5MLqL._AC_UL320_.jpg,599,278,3.8,shoe
"Men's Newton-09 Sports Running,Walking & Gym Shoes with SoleFlex Technology Casual Sneaker Shoes for Men's & Boy's",ASIAN,https://m.media-amazon.com/images/I/81Pm2+fcoKL._AC_UL320_.jpg,599,237,3.8,shoe
"Men's Bouncer-01 Sports,Walking,Gym,Training,Running Shoes",ASIAN,https://m.media-amazon.com/images/I/61vwMlmkFKL._AC_UL400_.jpg,599,13393,3.7,shoe
Men's Crystal-05 Sports Running Shoes & Walking Shoes Gym Casual Sneaker Lace-Up Shoes,ASIAN,https://m.media-amazon.com/images/I/614+kyR1HIL._AC_UL400_.jpg,1149,1780,3.7,shoe
Global-WHT-BLK-8,JQR,https://m.media-amazon.com/images/I/61fMfj5RHQL._AC_UL400_.jpg,1120,1,5.0,shoe
"Men's Cosko Sports Running,Walking,Gym,Training Sneaker Lace-Up Shoes for Men's & Boy's",ASIAN,https://m.media-amazon.com/images/I/61I69vDCBML._AC_UL400_.jpg,549,22868,3.8,shoe
"Sports Shoes for Men|Grey for Running,Walking,Gym and Hiking Shoes ORI-9037",Bersache,https://m.media-amazon.com/images/I/61Tm7GDrDZL._AC_UL400_.jpg,1199,23,3.8,shoe
"Men's Easywalk-08 Sports Running Shoes,First Walker, Gym Casual Sneaker Lace-Up Lightweight Shoes",ASIAN,https://m.media-amazon.com/images/I/51zkMmDmLaS._AC_UL400_.jpg,749,4574,3.8,shoe
Mens Vega-m3 Running Shoes,Bourge,https://m.media-amazon.com/images/I/81K1Ard9uDL._AC_UL400_.jpg,699,32232,4.2,shoe
"Men's Synthetic Sports,Running,Casual Loafer Shoes for Boy's",ASIAN,https://m.media-amazon.com/images/I/614elUzM4GL._AC_UL400_.jpg,524,15449,3.8,shoe
"Men's CAPTAIN-13 Sports Running,Walking & Gym Shoes with Lightweight Eva Sole with Casual Sneaker Shoes for Men's & Boy's",ASIAN,https://m.media-amazon.com/images/I/81Im6DJv3zL._AC_UL400_.jpg,549,2293,3.7,shoe
"Men's Wind-04 Sports Walking,Running & Gym Shoes with Eva Sole Casual Lightweight Slip-On Shoes for Men's & Boy's",ASIAN,https://m.media-amazon.com/images/I/61mu7T5MLqL._AC_UL400_.jpg,599,278,3.8,shoe
Mens Moonwalk-01 Loafer,ASIAN,https://m.media-amazon.com/images/I/81m-I1dLOJL._AC_UL400_.jpg,555,1329,4.0,shoe
Mens Hattrick-27 Loafer,ASIAN,https://m.media-amazon.com/images/I/611VlDgNorL._AC_UL400_.jpg,699,731,3.8,shoe
"Men's Bouncer-01 Sports,Walking,Gym,Training,Running Shoes",ASIAN,https://m.media-amazon.com/images/I/61vwMlmkFKL._AC_UL400_.jpg,599,13393,3.7,shoe
Global-WHT-BLK-8,JQR,https://m.media-amazon.com/images/I/61fMfj5RHQL._AC_UL400_.jpg,1120,1,5.0,shoe
Men's Crystal-05 Sports Running Shoes & Walking Shoes Gym Casual Sneaker Lace-Up Shoes,ASIAN,https://m.media-amazon.com/images/I/614+kyR1HIL._AC_UL400_.jpg,1149,1780,3.7,shoe
"Men's FUTURE-01 Sports Running,Walking & Gym Shoes with Eva Sole Extra Jump Casual Sneaker Shoes for Men's & Boy's",ASIAN,https://m.media-amazon.com/images/I/6116U2+8u+L._AC_UL400_.jpg,549,7014,3.8,shoe
"Men's Cosko Sports Running,Walking,Gym,Training Sneaker Lace-Up Shoes for Men's & Boy's",ASIAN,https://m.media-amazon.com/images/I/61I69vDCBML._AC_UL400_.jpg,549,22868,3.8,shoe
STUSSYY Men's Running Shoe,OFF LIMITS,https://m.media-amazon.com/images/I/71udcnhlrvL._AC_UL400_.jpg,1995,,,shoe
"Sports Shoes for Men|Grey for Running,Walking,Gym and Hiking Shoes ORI-9037",Bersache,https://m.media-amazon.com/images/I/61Tm7GDrDZL._AC_UL400_.jpg,1199,23,3.8,shoe
Mens Vega-m3 Running Shoes,Bourge,https://m.media-amazon.com/images/I/81K1Ard9uDL._AC_UL400_.jpg,699,32232,4.2,shoe
"Men's Synthetic Sports,Running,Casual Loafer Shoes for Boy's",ASIAN,https://m.media-amazon.com/images/I/614elUzM4GL._AC_UL400_.jpg,524,15449,3.8,shoe
"Men's Easywalk-08 Sports Running Shoes,First Walker, Gym Casual Sneaker Lace-Up Lightweight Shoes",ASIAN,https://m.media-amazon.com/images/I/51zkMmDmLaS._AC_UL400_.jpg,749,4574,3.8,shoe
"Men's CAPTAIN-13 Sports Running,Walking & Gym Shoes with Lightweight Eva Sole with Casual Sneaker Shoes for Men's & Boy's",ASIAN,https://m.media-amazon.com/images/I/81Im6DJv3zL._AC_UL400_.jpg,549,2293,3.7,shoe
Mens Moonwalk-01 Loafer,ASIAN,https://m.media-amazon.com/images/I/81m-I1dLOJL._AC_UL400_.jpg,555,1329,4.0,shoe
"Men's Bouncer-01 Sports,Walking,Gym,Training,Running Shoes",ASIAN,https://m.media-amazon.com/images/I/61vwMlmkFKL._AC_UL400_.jpg,599,13393,3.7,shoe
Global-WHT-BLK-8,JQR,https://m.media-amazon.com/images/I/61fMfj5RHQL._AC_UL400_.jpg,1120,1,5.0,shoe
Men's Crystal-05 Sports Running Shoes & Walking Shoes Gym Casual Sneaker Lace-Up Shoes,ASIAN,https://m.media-amazon.com/images/I/614+kyR1HIL._AC_UL400_.jpg,1149,1780,3.7,shoe
"Men's Cosko Sports Running,Walking,Gym,Training Sneaker Lace-Up Shoes for Men's & Boy's",ASIAN,https://m.media-amazon.com/images/I/61I69vDCBML._AC_UL400_.jpg,549,22868,3.8,shoe
"Sports Shoes for Men|Grey for Running,Walking,Gym and Hiking Shoes ORI-9037",Bersache,https://m.media-amazon.com/images/I/61Tm7GDrDZL._AC_UL400_.jpg,1199,23,3.8,shoe
"Men's Easywalk-08 Sports Running Shoes,First Walker, Gym Casual Sneaker Lace-Up Lightweight Shoes",ASIAN,https://m.media-amazon.com/images/I/51zkMmDmLaS._AC_UL400_.jpg,749,4574,3.8,shoe
Elite Shock Absorbing Walking Running Fitness Athletic Training Gym Fashion Sneaker Shoes,Hirolas,https://m.media-amazon.com/images/I/71Hp2y-2vEL._AC_UL400_.jpg,1996,,,shoe
Mens Vega-m3 Running Shoes,Bourge,https://m.media-amazon.com/images/I/81K1Ard9uDL._AC_UL400_.jpg,699,32232,4.2,shoe
"Men's Synthetic Sports,Running,Casual Loafer Shoes for Boy's",ASIAN,https://m.media-amazon.com/images/I/614elUzM4GL._AC_UL400_.jpg,524,15449,3.8,shoe
"Men's CAPTAIN-13 Sports Running,Walking & Gym Shoes with Lightweight Eva Sole with Casual Sneaker Shoes for Men's & Boy's",ASIAN,https://m.media-amazon.com/images/I/81Im6DJv3zL._AC_UL400_.jpg,549,2293,3.7,shoe
"Men's Wind-04 Sports Walking,Running & Gym Shoes with Eva Sole Casual Lightweight Slip-On Shoes for Men's & Boy's",ASIAN,https://m.media-amazon.com/images/I/61mu7T5MLqL._AC_UL400_.jpg,599,278,3.8,shoe
Mens Moonwalk-01 Loafer,ASIAN,https://m.media-amazon.com/images/I/81m-I1dLOJL._AC_UL400_.jpg,555,1329,4.0,shoe
"Men's Bouncer-01 Sports,Walking,Gym,Training,Running Shoes",ASIAN,https://m.media-amazon.com/images/I/61vwMlmkFKL._AC_UL400_.jpg,599,13393,3.7,shoe
Global-WHT-BLK-8,JQR,https://m.media-amazon.com/images/I/61fMfj5RHQL._AC_UL400_.jpg,1120,1,5.0,shoe
Men's Crystal-05 Sports Running Shoes & Walking Shoes Gym Casual Sneaker Lace-Up Shoes,ASIAN,https://m.media-amazon.com/images/I/614+kyR1HIL._AC_UL400_.jpg,1149,1780,3.7,shoe
"Sports Shoes for Men|Grey for Running,Walking,Gym and Hiking Shoes ORI-9037",Bersache,https://m.media-amazon.com/images/I/61Tm7GDrDZL._AC_UL400_.jpg,1199,23,3.8,shoe
Elite Shock Absorbing Walking Running Fitness Athletic Training Gym Fashion Sneaker Shoes,Hirolas,https://m.media-amazon.com/images/I/71Hp2y-2vEL._AC_UL400_.jpg,1996,,,shoe
"Men's CAPTAIN-13 Sports Running,Walking & Gym Shoes with Lightweight Eva Sole with Casual Sneaker Shoes for Men's & Boy's",ASIAN,https://m.media-amazon.com/images/I/81Im6DJv3zL._AC_UL400_.jpg,549,2293,3.7,shoe
"Men's Synthetic Sports,Running,Casual Loafer Shoes for Boy's",ASIAN,https://m.media-amazon.com/images/I/614elUzM4GL._AC_UL400_.jpg,524,15449,3.8,shoe
Wigwam,Power,https://m.media-amazon.com/images/I/71iXSkKxfeL._AC_UL400_.jpg,692,285,4.0,shoe
"Men's Cosko Sports Running,Walking,Gym,Training Sneaker Lace-Up Shoes for Men's & Boy's",ASIAN,https://m.media-amazon.com/images/I/61I69vDCBML._AC_UL400_.jpg,549,22868,3.8,shoe
"Men's Easywalk-08 Sports Running Shoes,First Walker, Gym Casual Sneaker Lace-Up Lightweight Shoes",ASIAN,https://m.media-amazon.com/images/I/51zkMmDmLaS._AC_UL400_.jpg,749,4574,3.8,shoe
"Men's Wind-04 Sports Walking,Running & Gym Shoes with Eva Sole Casual Lightweight Slip-On Shoes for Men's & Boy's",ASIAN,https://m.media-amazon.com/images/I/61mu7T5MLqL._AC_UL400_.jpg,599,278,3.8,shoe
"Men's FUTURE-01 Sports Running,Walking & Gym Shoes with Eva Sole Extra Jump Casual Sneaker Shoes for Men's & Boy's",ASIAN,https://m.media-amazon.com/images/I/6116U2+8u+L._AC_UL400_.jpg,549,7014,3.8,shoe
